timestamp,dpid,packet_count,byte_count,packet_rate,byte_rate,flow_duration_sec,ip_src_count,ip_src_entropy,avg_packet_size,std_packet_size,port_status,rx_dropped,tx_dropped,label
1790311438.03,1,0,0,0.00,0.00,1.29,0,0.0000,0.00,0.00,1,0,0,normal
1790311440.03,1,0,0,0.00,0.00,3.29,0,0.0000,0.00,0.00,1,0,0,normal
1790311442.03,1,0,0,0.00,0.00,5.30,0,0.0000,0.00,0.00,1,0,0,normal
1790311444.03,1,82,99558,40.97,49746.53,7.30,0,0.0000,872.49,573.23,1,0,0,normal
1790311446.04,1,302,427358,109.86,163684.60,9.30,0,0.0000,1002.28,662.94,1,0,0,normal
1790311448.04,1,469,658309,83.45,115402.97,11.30,0,0.0000,971.94,624.98,1,0,0,normal
1790311450.04,1,567,780282,48.98,60956.64,13.30,0,0.0000,917.74,597.02,1,0,0,normal
1790311452.04,1,697,973982,64.94,96761.49,15.30,0,0.0000,1003.49,653.22,1,0,0,normal
1790311454.04,1,825,1145399,63.94,85633.19,17.30,0,0.0000,954.00,613.02,1,0,0,normal
1790311456.04,1,862,1177906,18.49,16241.17,19.31,0,0.0000,794.82,549.80,1,0,0,normal
1790311458.05,1,949,1307536,43.48,64785.58,21.31,0,0.0000,1000.78,649.10,1,0,0,normal
1790311460.05,1,1028,1407368,39.46,49860.36,23.31,0,0.0000,925.35,595.13,1,0,0,normal
1790311462.05,1,1028,1407368,0.00,0.00,25.31,0,0.0000,756.18,667.39,1,0,0,normal
1790311464.05,1,1028,1407368,0.00,0.00,27.31,0,0.0000,756.18,667.39,1,0,0,normal
1790311466.06,1,1028,1407368,0.00,0.00,29.32,0,0.0000,756.18,667.39,1,0,0,flash_crowd
1790311468.06,1,1122,1486485,47.01,39570.83,31.32,0,0.0000,774.16,540.77,1,0,0,flash_crowd
1790311470.06,1,1354,1816519,115.69,164577.47,33.32,0,0.0000,970.96,630.83,1,0,0,flash_crowd
1790311472.06,1,1574,2144319,110.07,164009.88,35.33,0,0.0000,997.28,649.99,1,0,0,flash_crowd
1790311474.06,1,1795,2473609,110.38,164459.77,37.33,0,0.0000,1000.14,651.88,1,0,0,flash_crowd
1790311476.07,1,2016,2802899,110.40,164491.34,39.33,0,0.0000,1002.35,653.35,1,0,0,flash_crowd
1790311478.07,1,2236,3130699,109.91,163770.58,41.33,0,0.0000,1004.11,654.53,1,0,0,flash_crowd
1790311480.07,1,2457,3459989,110.30,164344.10,43.33,0,0.0000,1005.54,655.49,1,0,0,flash_crowd
1790311482.07,1,2678,3789279,110.42,164526.99,45.34,0,0.0000,1006.74,656.30,1,0,0,flash_crowd
1790311484.07,1,2899,4118569,110.42,164520.76,47.34,0,0.0000,1007.74,656.98,1,0,0,flash_crowd
1790311486.08,1,3119,4446369,109.79,163579.98,49.34,0,0.0000,1008.60,657.57,1,0,0,flash_crowd
1790311488.08,1,3299,4696692,89.94,125075.16,51.34,0,0.0000,976.17,632.76,1,0,0,flash_crowd
1790311490.08,1,3299,4696692,0.00,0.00,53.35,0,0.0000,768.92,686.81,1,0,0,flash_crowd
1790311492.09,1,3299,4696692,0.00,0.00,55.35,0,0.0000,768.92,686.81,1,0,0,ddos
1790311494.09,1,3299,4696692,0.00,0.00,57.35,0,0.0000,768.92,686.81,1,0,0,ddos
1790311496.09,1,3391,4701636,45.97,2470.49,59.35,0,0.0000,327.50,545.27,1,0,0,ddos
1790311498.10,1,3540,4709682,74.21,4007.30,61.35,0,0.0000,315.81,521.77,1,0,0,ddos
1790311500.10,1,3698,4718214,79.10,4271.28,63.36,0,0.0000,304.41,498.99,1,0,0,ddos
1790311502.10,1,3845,4726152,73.40,3963.61,65.36,0,0.0000,294.67,479.51,1,0,0,ddos
1790311504.10,1,3991,4734036,72.89,3935.93,67.36,0,0.0000,285.72,461.62,1,0,0,ddos
1790311506.10,1,4153,4742784,81.00,4373.82,69.36,0,0.0000,276.54,443.27,1,0,0,ddos
1790311508.11,1,4314,4751478,80.28,4335.11,71.37,0,0.0000,268.11,426.42,1,0,0,ddos
1790311510.11,1,4478,4760334,81.98,4427.05,73.37,0,0.0000,260.16,410.52,1,0,0,ddos
1790311512.11,1,4640,4769082,80.92,4369.66,75.37,0,0.0000,252.86,395.95,1,0,0,ddos
1790311514.11,1,4797,4777560,78.31,4228.74,77.37,0,0.0000,246.27,382.78,1,0,0,ddos
1790311516.12,1,4856,4780746,29.48,1592.01,79.38,0,0.0000,243.91,378.05,1,0,0,ddos
1790311518.12,1,4856,4780746,0.00,0.00,81.38,0,0.0000,291.39,409.12,1,0,0,slow_congestion
1790311520.12,1,4856,4780746,0.00,0.00,83.39,0,0.0000,291.39,409.12,1,0,0,slow_congestion
1790311522.13,1,5167,5220090,155.19,219229.13,85.39,0,0.0000,445.00,559.04,1,0,0,slow_congestion
1790311524.13,1,5513,5735630,172.72,257355.62,87.39,0,0.0000,462.82,586.53,1,0,0,slow_congestion
1790311526.13,1,6121,6598201,303.58,430687.78,89.40,0,0.0000,459.93,571.33,1,0,0,slow_congestion
1790311528.14,1,6813,7629281,345.78,515213.62,91.40,0,0.0000,478.61,598.84,1,0,0,slow_congestion
1790311530.14,1,7704,8913523,445.15,641610.61,93.40,0,0.0000,477.37,592.17,1,0,0,slow_congestion
1790311532.14,1,8743,10461633,518.72,772892.52,95.40,0,0.0000,491.84,612.84,1,0,0,slow_congestion
1790311534.14,1,9917,12168971,586.55,853011.90,97.40,0,0.0000,491.26,609.29,1,0,0,slow_congestion
1790311536.14,1,11301,14231131,691.33,1030080.57,99.41,0,0.0000,502.33,625.00,1,0,0,slow_congestion
1790311538.15,1,12721,16306434,708.47,1035414.31,101.41,0,0.0000,501.49,622.21,1,0,0,slow_congestion
1790311540.15,1,14365,18755994,821.60,1224186.34,103.41,0,0.0000,509.99,634.33,1,0,0,slow_congestion
1790311542.15,1,15198,19979285,415.87,610727.22,105.42,0,0.0000,508.38,630.40,1,0,0,slow_congestion
1790311544.16,1,15198,19979285,0.00,0.00,107.42,0,0.0000,316.34,505.59,1,0,0,link_failure
1790311546.16,1,15199,19979359,0.50,36.92,109.42,0,0.0000,275.94,470.27,1,0,0,link_failure
1790311548.16,1,15437,20311349,118.84,165766.41,111.43,0,0.0000,496.11,612.59,1,0,0,link_failure
1790311550.16,1,15688,20685339,125.50,186989.58,113.43,0,0.0000,512.39,636.97,1,0,0,link_failure
1790311552.17,1,15731,20730108,21.47,22350.95,115.43,0,0.0000,437.97,535.75,0,0,0,link_failure
1790311554.17,1,15732,20730182,0.50,36.98,117.43,0,0.0000,276.77,471.65,0,0,0,link_failure
1790311556.17,1,15734,20730330,1.00,73.94,119.43,0,0.0000,276.74,471.59,0,0,0,link_failure
1790311558.17,1,15736,20730478,1.00,73.97,121.43,0,0.0000,276.71,471.53,0,0,0,link_failure
1790311560.18,1,15737,20730552,0.50,36.91,123.44,0,0.0000,276.70,471.50,0,0,0,link_failure
1790311562.18,1,15738,20730626,0.50,36.94,125.44,0,0.0000,276.69,471.47,0,0,0,link_failure
1790311564.18,1,15738,20730626,0.00,0.00,127.44,0,0.0000,317.23,506.84,1,0,0,link_failure
1790311566.18,1,15827,20840613,44.43,54910.07,129.44,0,0.0000,470.10,575.75,1,0,0,link_failure
1790311568.18,1,15916,20973223,44.47,66257.96,131.45,0,0.0000,512.61,636.86,1,0,0,link_failure
1790311570.19,1,15983,21073053,33.47,49871.79,133.45,0,0.0000,512.72,637.00,1,0,0,normal
1790311572.19,1,16088,21189005,52.50,57971.74,135.45,0,0.0000,448.52,548.23,1,0,0,normal
1790311574.19,1,16301,21506375,106.41,158553.32,137.45,0,0.0000,513.16,637.26,1,0,0,normal
1790311576.19,1,16514,21823745,106.39,158515.40,139.45,0,0.0000,513.50,637.70,1,0,0,normal
1790311578.19,1,16727,22141115,106.41,158548.50,141.45,0,0.0000,513.83,638.13,1,0,0,normal
1790311580.19,1,16808,22243929,40.47,51375.06,143.46,0,0.0000,477.38,584.75,1,0,0,normal
1790311582.20,1,16988,22489507,89.82,122539.31,145.46,0,0.0000,493.16,607.20,1,0,0,normal
1790311584.20,1,17214,22826247,112.95,168295.85,147.46,0,0.0000,514.45,638.70,1,0,0,normal
1790311586.20,1,17401,23086999,93.46,130320.09,149.46,0,0.0000,498.96,614.95,1,0,0,normal
1790311588.20,1,17540,23270063,69.43,91445.50,151.46,0,0.0000,485.94,596.79,1,0,0,normal
1790311590.20,1,17737,23563593,98.38,146590.84,153.47,0,0.0000,515.05,639.29,1,0,0,normal
1790311592.20,1,17825,23675410,43.96,55856.92,155.47,0,0.0000,478.75,586.44,1,0,0,normal
1790311594.21,1,17825,23675410,0.00,0.00,157.47,0,0.0000,320.37,512.05,1,0,0,normal
1790311596.21,1,17825,23675410,0.00,0.00,159.47,0,0.0000,320.37,512.05,1,0,0,normal
1790311598.21,1,17825,23675410,0.00,0.00,161.47,0,0.0000,320.37,512.05,1,0,0,flash_crowd
1790311600.21,1,18028,23902739,101.40,113556.70,163.47,0,0.0000,452.99,554.53,1,0,0,flash_crowd
1790311602.46,1,18372,24415299,153.16,228206.88,165.72,0,0.0000,515.15,639.98,1,0,0,flash_crowd
1790311604.46,1,18567,24705849,97.30,144980.17,167.72,0,0.0000,515.40,640.32,1,0,0,flash_crowd
1790311606.47,1,18890,25187119,161.18,240151.75,169.73,0,0.0000,515.81,640.85,1,0,0,flash_crowd
1790311608.47,1,19084,25476179,96.92,144403.96,171.73,0,0.0000,516.06,641.16,1,0,0,flash_crowd
1790311610.47,1,19342,25860599,128.91,192068.89,173.73,0,0.0000,516.37,641.57,1,0,0,flash_crowd
1790311612.47,1,19601,26246509,129.38,192772.93,175.73,0,0.0000,516.67,641.97,1,0,0,flash_crowd
1790311614.47,1,19859,26630929,128.88,192023.83,177.74,0,0.0000,516.97,642.36,1,0,0,flash_crowd
1790311616.48,1,20117,27015349,128.82,191941.21,179.74,0,0.0000,517.26,642.73,1,0,0,flash_crowd
1790311618.48,1,20376,27401259,129.23,192554.49,181.74,0,0.0000,517.54,643.10,1,0,0,flash_crowd
1790311620.48,1,20471,27523514,47.42,61019.12,183.75,0,0.0000,483.91,594.39,1,0,0,flash_crowd
1790311622.48,1,20471,27523514,0.00,0.00,185.75,0,0.0000,323.31,518.86,1,0,0,ddos
1790311624.48,1,20471,27523514,0.00,0.00,187.75,0,0.0000,323.31,518.86,1,0,0,ddos
1790311626.49,1,20564,27528512,46.46,2496.72,189.75,0,0.0000,277.41,482.01,1,0,0,ddos
1790311628.49,1,20725,27537206,80.46,4344.62,191.75,0,0.0000,275.75,478.18,1,0,0,ddos
1790311630.49,1,20881,27545630,77.91,4207.11,193.75,0,0.0000,274.12,474.55,1,0,0,ddos
1790311632.49,1,21033,27553838,75.89,4097.86,195.75,0,0.0000,272.56,471.06,1,0,0,ddos
1790311634.50,1,21188,27562208,77.38,4178.75,197.76,0,0.0000,270.99,467.56,1,0,0,ddos
1790311636.50,1,21342,27570524,76.97,4156.37,199.76,0,0.0000,269.45,464.12,1,0,0,ddos
1790311638.50,1,21503,27579218,80.43,4342.96,201.76,0,0.0000,267.87,460.59,1,0,0,ddos
1790311640.50,1,21658,27587588,77.46,4182.75,203.76,0,0.0000,266.37,457.24,1,0,0,ddos
1790311642.51,1,21814,27596012,77.76,4198.88,205.77,0,0.0000,264.88,453.91,1,0,0,ddos
1790311644.51,1,21970,27604436,77.95,4209.40,207.77,0,0.0000,263.42,450.64,1,0,0,ddos
1790311646.51,1,22027,27607514,28.49,1538.63,209.77,0,0.0000,262.89,449.45,1,0,0,ddos
1790311648.51,1,22027,27607514,0.00,0.00,211.77,0,0.0000,304.66,481.60,1,0,0,slow_congestion
1790311650.51,1,22029,27607662,1.00,73.93,213.78,0,0.0000,266.18,447.95,1,0,0,slow_congestion
1790311652.52,1,22343,28055732,156.53,223358.69,215.78,0,0.0000,491.74,607.64,1,0,0,slow_congestion
1790311654.52,1,22689,28571272,172.85,257549.93,217.78,0,0.0000,502.81,624.74,1,0,0,slow_congestion
1790311656.52,1,23301,29442651,305.57,435079.20,219.78,0,0.0000,492.63,608.53,1,0,0,slow_congestion
1790311658.53,1,23993,30473731,345.60,514950.75,221.79,0,0.0000,504.69,626.95,1,0,0,slow_congestion
1790311660.53,1,24888,31766783,446.87,645612.99,223.79,0,0.0000,498.29,616.58,1,0,0,slow_congestion
1790311662.53,1,25925,33311913,517.49,771067.47,225.79,0,0.0000,507.17,629.96,1,0,0,slow_congestion
1790311664.54,1,27109,35035574,590.54,859699.14,227.80,0,0.0000,502.77,622.73,1,0,0,slow_congestion
1790311666.54,1,28493,37097734,691.88,1030903.65,229.80,0,0.0000,509.98,633.43,1,0,0,slow_congestion
1790311668.54,1,29914,39174522,709.15,1036415.46,231.80,0,0.0000,506.52,627.76,1,0,0,slow_congestion
1790311670.54,1,31558,41624082,821.70,1224330.18,233.80,0,0.0000,512.74,636.91,1,0,0,slow_congestion
1790311672.55,1,32363,42805653,401.69,589600.90,235.81,0,0.0000,509.88,631.89,1,0,0,slow_congestion
1790311674.55,1,32363,42805653,0.00,0.00,237.81,0,0.0000,318.30,508.85,1,0,0,link_failure
1790311676.55,1,32365,42805801,1.00,73.95,239.81,0,0.0000,277.57,473.34,1,0,0,link_failure
1790311678.55,1,32511,43003550,72.95,98804.28,241.82,0,0.0000,490.91,604.22,1,0,0,link_failure
1790311680.56,1,32657,43221090,72.82,108500.76,243.82,0,0.0000,513.62,637.84,1,0,0,link_failure
1790311682.56,1,32688,43247984,15.46,13413.36,245.82,0,0.0000,410.04,507.82,0,0,0,link_failure
1790311684.57,1,32690,43248132,1.00,73.84,247.83,0,0.0000,277.77,473.59,0,0,2,link_failure
1790311686.57,1,32692,43248280,1.00,73.80,249.84,0,0.0000,277.75,473.57,0,0,2,link_failure
1790311688.58,1,32693,43248354,0.50,36.88,251.84,0,0.0000,277.75,473.55,0,0,2,link_failure
1790311690.58,1,32694,43248428,0.50,36.98,253.84,0,0.0000,277.74,473.54,0,0,2,link_failure
1790311692.58,1,32694,43248428,0.00,0.00,255.84,0,0.0000,318.49,509.04,0,0,2,link_failure
1790311694.58,1,32695,43248502,0.50,37.02,257.85,0,0.0000,277.73,473.52,1,0,2,link_failure
1790311696.58,1,32695,43248502,0.00,0.00,259.85,0,0.0000,318.48,509.02,1,0,2,link_failure
1790311698.59,1,32695,43248502,0.00,0.00,261.85,0,0.0000,318.48,509.02,1,0,2,link_failure
1790313149.56,1,0,0,0.00,0.00,0.37,0,0.0000,0.00,0.00,1,0,0,link_failure
1790313150.56,1,0,0,0.00,0.00,1.38,0,0.0000,0.00,0.00,1,0,0,link_failure
1790313151.57,1,0,0,0.00,0.00,2.38,0,0.0000,0.00,0.00,1,0,0,link_failure
1790313152.57,1,0,0,0.00,0.00,3.38,0,0.0000,0.00,0.00,1,0,0,link_failure
1790313153.57,1,0,0,0.00,0.00,4.38,0,0.0000,0.00,0.00,1,0,0,normal
1790313154.57,1,0,0,0.00,0.00,5.38,0,0.0000,0.00,0.00,1,0,0,normal
1790313155.57,1,36,31018,35.95,30976.94,6.38,0,0.0000,671.94,439.12,1,0,0,normal
1790313156.57,1,123,160648,86.84,129393.66,7.38,0,0.0000,982.47,649.97,1,0,0,normal
1790313157.58,1,210,290278,86.88,129455.52,8.39,0,0.0000,996.48,659.05,1,0,0,normal
1790313158.58,1,296,418418,85.92,128019.19,9.39,0,0.0000,1002.01,662.76,1,0,0,normal
1790313159.58,1,383,548048,86.90,129481.85,10.39,0,0.0000,1005.02,664.81,1,0,0,normal
1790313160.58,1,470,677678,86.83,129378.48,11.39,0,0.0000,1006.90,666.10,1,0,0,normal
1790313161.58,1,549,777510,78.86,99660.85,12.39,0,0.0000,934.48,602.87,1,0,0,normal
1790313162.58,1,549,777510,0.00,0.00,13.39,0,0.0000,769.88,681.09,1,0,0,normal
1790313163.58,1,637,886008,87.77,108210.08,14.39,0,0.0000,916.95,597.60,1,0,0,normal
1790313164.59,1,753,1058848,115.86,172635.48,15.40,0,0.0000,1005.41,654.51,1,0,0,normal
1790313165.59,1,870,1233178,116.73,173920.44,16.40,0,0.0000,1007.43,655.87,1,0,0,normal
1790313166.59,1,986,1406018,115.76,172484.04,17.40,0,0.0000,1008.94,656.91,1,0,0,normal
1790313167.59,1,1043,1473065,56.97,67007.17,18.40,0,0.0000,904.63,587.53,1,0,0,normal
1790313168.59,1,1043,1473065,0.00,0.00,19.40,0,0.0000,768.82,680.03,1,0,0,normal
1790313169.59,1,1043,1473065,0.00,0.00,20.40,0,0.0000,768.82,680.03,1,0,0,normal
1790313170.59,1,1141,1596463,97.89,123255.65,21.41,0,0.0000,928.24,601.97,1,0,0,normal
1790313171.60,1,1268,1785693,126.77,188889.49,22.41,0,0.0000,1006.83,653.13,1,0,0,normal
1790313172.60,1,1394,1973433,125.86,187532.85,23.41,0,0.0000,1008.16,654.03,1,0,0,normal
1790313173.60,1,1452,2041952,57.89,68383.79,24.41,0,0.0000,905.07,587.54,1,0,0,normal
1790313174.60,1,1452,2041952,0.00,0.00,25.41,0,0.0000,766.92,678.64,1,0,0,normal
1790313175.60,1,1452,2041952,0.00,0.00,26.41,0,0.0000,766.92,678.64,1,0,0,normal
1790313176.60,1,1452,2041952,0.00,0.00,27.41,0,0.0000,766.92,678.64,1,0,0,normal
1790313177.60,1,1452,2041952,0.00,0.00,28.41,0,0.0000,766.92,678.64,1,0,0,flash_crowd
1790313178.60,1,1452,2041952,0.00,0.00,29.42,0,0.0000,766.92,678.64,1,0,0,flash_crowd
1790313179.61,1,1554,2132989,101.85,90899.45,30.42,0,0.0000,800.55,554.50,1,0,0,flash_crowd
1790313180.61,1,1698,2347549,143.50,213812.73,31.42,0,0.0000,1001.51,651.90,1,0,0,flash_crowd
1790313181.61,1,1843,2563599,144.69,215583.76,32.42,0,0.0000,1003.02,652.91,1,0,0,flash_crowd
1790313182.61,1,1987,2778159,143.90,214415.64,33.42,0,0.0000,1004.29,653.76,1,0,0,flash_crowd
1790313183.61,1,2132,2994209,144.78,215722.38,34.42,0,0.0000,1005.40,654.50,1,0,0,flash_crowd
1790313184.62,1,2276,3208769,143.80,214259.17,35.43,0,0.0000,1006.35,655.15,1,0,0,flash_crowd
1790313185.62,1,2421,3424819,144.73,215653.02,36.43,0,0.0000,1007.20,655.72,1,0,0,flash_crowd
1790313186.62,1,2566,3640869,144.79,215738.50,37.43,0,0.0000,1007.94,656.22,1,0,0,flash_crowd
1790313187.62,1,2710,3855429,143.84,214314.28,38.43,0,0.0000,1008.60,656.67,1,0,0,flash_crowd
1790313188.62,1,2855,4071479,144.55,215382.59,39.43,0,0.0000,1009.19,657.08,1,0,0,flash_crowd
1790313189.63,1,2999,4286039,143.66,214053.23,40.44,0,0.0000,1009.73,657.44,1,0,0,flash_crowd
1790313190.63,1,3144,4502089,144.61,215472.01,41.44,0,0.0000,1010.21,657.77,1,0,0,flash_crowd
1790313191.63,1,3288,4716649,143.72,214138.65,42.44,0,0.0000,1010.65,658.07,1,0,0,flash_crowd
1790313192.63,1,3433,4932699,144.97,216005.92,43.44,0,0.0000,1011.06,658.35,1,0,0,flash_crowd
1790313193.63,1,3577,5147259,143.56,213901.51,44.44,0,0.0000,1011.43,658.60,1,0,0,flash_crowd
1790313194.63,1,3722,5363309,144.78,215716.93,45.45,0,0.0000,1011.77,658.84,1,0,0,flash_crowd
1790313195.64,1,3866,5577869,143.83,214300.09,46.45,0,0.0000,1012.08,659.05,1,0,0,flash_crowd
1790313196.64,1,4011,5793919,144.85,215831.46,47.45,0,0.0000,1012.37,659.26,1,0,0,flash_crowd
1790313197.64,1,4155,6008479,143.69,214103.95,48.45,0,0.0000,1012.64,659.44,1,0,0,flash_crowd
1790313198.64,1,4299,6223039,143.63,214011.69,49.45,0,0.0000,1012.90,659.62,1,0,0,flash_crowd
1790313199.64,1,4392,6343740,92.87,120529.19,50.45,0,0.0000,949.41,616.08,1,0,0,flash_crowd
1790313200.65,1,4392,6343740,0.00,0.00,51.46,0,0.0000,775.18,691.56,1,0,0,flash_crowd
1790313201.65,1,4392,6343740,0.00,0.00,52.46,0,0.0000,775.18,691.56,1,0,0,ddos
1790313202.65,1,4392,6343740,0.00,0.00,53.46,0,0.0000,775.18,691.56,1,0,0,ddos
1790313203.65,1,4395,6343878,3.00,138.11,54.46,0,0.0000,336.01,565.42,1,0,0,ddos
1790313204.65,1,4472,6348036,76.66,4139.90,55.46,0,0.0000,332.66,554.72,1,0,0,ddos
1790313205.65,1,4558,6352680,86.08,4648.49,56.46,0,0.0000,327.34,544.09,1,0,0,ddos
1790313206.65,1,4638,6357000,79.80,4308.97,57.47,0,0.0000,322.57,534.55,1,0,0,ddos
1790313207.66,1,4721,6361482,82.80,4471.02,58.47,0,0.0000,317.79,525.00,1,0,0,ddos
1790313208.66,1,4804,6365964,82.62,4461.43,59.47,0,0.0000,313.19,515.79,1,0,0,ddos
1790313209.66,1,4890,6370608,86.03,4645.51,60.47,0,0.0000,308.58,506.58,1,0,0,ddos
1790313210.66,1,4977,6375306,86.87,4691.06,61.47,0,0.0000,304.08,497.59,1,0,0,ddos
1790313211.66,1,5054,6379464,76.94,4154.69,62.48,0,0.0000,300.23,489.89,1,0,0,ddos
1790313212.67,1,5128,6383460,73.73,3981.31,63.48,0,0.0000,296.65,482.72,1,0,0,ddos
1790313213.67,1,5206,6387672,78.03,4213.45,64.48,0,0.0000,292.98,475.39,1,0,0,ddos
1790313214.67,1,5286,6391992,79.74,4306.22,65.48,0,0.0000,289.33,468.09,1,0,0,ddos
1790313215.67,1,5370,6396528,83.85,4527.91,66.48,0,0.0000,285.61,460.66,1,0,0,ddos
1790313216.67,1,5451,6400902,81.01,4374.77,67.48,0,0.0000,282.14,453.73,1,0,0,ddos
1790313217.67,1,5531,6405222,79.95,4317.13,68.48,0,0.0000,278.81,447.07,1,0,0,ddos
1790313218.67,1,5606,6409272,74.86,4042.42,69.48,0,0.0000,275.78,441.01,1,0,0,ddos
1790313219.68,1,5686,6413592,79.89,4314.15,70.49,0,0.0000,272.64,434.73,1,0,0,ddos
1790313220.68,1,5764,6417804,77.58,4189.17,71.49,0,0.0000,269.65,428.77,1,0,0,ddos
1790313221.68,1,5845,6422178,81.16,4382.86,72.49,0,0.0000,266.64,422.75,1,0,0,ddos
1790313222.68,1,5925,6426498,79.74,4305.79,73.49,0,0.0000,263.75,416.97,1,0,0,ddos
1790313223.68,1,6005,6430818,80.05,4322.77,74.49,0,0.0000,260.94,411.35,1,0,0,ddos
1790313224.68,1,6005,6430818,0.00,0.00,75.49,0,0.0000,312.67,445.12,1,0,0,ddos
1790313225.69,1,6005,6430818,0.00,0.00,76.50,0,0.0000,312.67,445.12,1,0,0,slow_congestion
1790313226.69,1,6005,6430818,0.00,0.00,77.50,0,0.0000,312.67,445.12,1,0,0,slow_congestion
1790313227.69,1,6050,6475246,44.94,44366.45,78.50,0,0.0000,383.94,461.79,1,0,0,slow_congestion
1790313228.69,1,6223,6733016,172.64,257228.84,79.50,0,0.0000,469.63,593.14,1,0,0,slow_congestion
1790313229.69,1,6396,6990786,172.59,257158.36,80.50,0,0.0000,471.43,595.05,1,0,0,slow_congestion
1790313230.70,1,6570,7250046,173.63,258709.56,81.51,0,0.0000,473.15,596.89,1,0,0,slow_congestion
1790313231.70,1,6737,7464091,166.59,213521.82,82.51,0,0.0000,442.48,539.24,1,0,0,slow_congestion
1790313232.70,1,7083,7973917,345.55,509160.28,83.51,0,0.0000,476.88,594.86,1,0,0,slow_congestion
1790313233.70,1,7430,8490947,346.67,516537.64,84.51,0,0.0000,482.40,602.55,1,0,0,slow_congestion
1790313234.70,1,7775,9004997,344.18,512822.69,85.51,0,0.0000,484.89,605.36,1,0,0,slow_congestion
1790313235.70,1,8122,9522027,346.66,516529.03,86.52,0,0.0000,487.19,607.98,1,0,0,slow_congestion
1790313236.71,1,8573,10152090,450.44,629281.63,87.52,0,0.0000,474.42,585.21,1,0,0,slow_congestion
1790313237.71,1,9093,10926890,518.69,772843.16,88.52,0,0.0000,492.73,613.43,1,0,0,slow_congestion
1790313238.71,1,9612,11700200,518.44,772468.34,89.52,0,0.0000,495.23,616.39,1,0,0,slow_congestion
1790313239.71,1,10131,12473510,516.71,769900.03,90.52,0,0.0000,497.47,619.08,1,0,0,slow_congestion
1790313240.72,1,10679,13246683,546.71,771356.56,91.53,0,0.0000,486.24,600.30,1,0,0,slow_congestion
1790313241.72,1,11372,14279253,691.82,1030818.91,92.53,0,0.0000,501.85,623.93,1,0,0,slow_congestion
1790313242.72,1,12063,15308843,690.18,1028367.52,93.53,0,0.0000,503.98,626.57,1,0,0,slow_congestion
1790313243.72,1,12756,16341413,691.35,1030113.28,94.53,0,0.0000,505.89,628.95,1,0,0,slow_congestion
1790313244.72,1,13406,17266561,649.01,923740.03,95.53,0,0.0000,496.19,613.39,1,0,0,slow_congestion
1790313245.72,1,14228,18491341,820.34,1222306.42,96.53,0,0.0000,509.15,632.79,1,0,0,slow_congestion
1790313246.73,1,15050,19716121,821.43,1223929.96,97.54,0,0.0000,510.79,634.87,1,0,0,slow_congestion
1790313247.73,1,15872,20940901,820.50,1222539.42,98.54,0,0.0000,512.26,636.75,1,0,0,slow_congestion
1790313248.73,1,16348,21630842,475.33,688975.45,99.54,0,0.0000,506.66,627.01,1,0,0,slow_congestion
1790313249.73,1,16348,21630842,0.00,0.00,100.54,0,0.0000,318.11,508.37,1,0,0,slow_congestion
1790313250.73,1,16348,21630842,0.00,0.00,101.54,0,0.0000,318.11,508.37,1,0,0,link_failure
1790313251.73,1,16350,21630990,2.00,147.68,102.54,0,0.0000,277.39,472.89,1,0,0,link_failure
1790313252.73,1,16444,21749836,93.89,118706.30,103.55,0,0.0000,475.51,583.08,1,0,0,link_failure
1790313253.74,1,16560,21922676,115.86,172630.46,104.55,0,0.0000,513.30,637.73,1,0,0,link_failure
1790313254.74,1,16676,22095516,115.71,172403.92,105.55,0,0.0000,513.48,637.96,1,0,0,link_failure
1790313255.74,1,16726,22150716,49.95,55142.95,106.55,0,0.0000,449.57,549.21,0,0,0,link_failure
1790313256.74,1,16726,22150716,0.00,0.00,107.55,0,0.0000,318.68,509.09,0,0,1,link_failure
1790313257.74,1,16727,22150790,1.00,73.81,108.55,0,0.0000,277.89,473.56,0,0,2,link_failure
1790313258.75,1,16728,22150864,1.00,73.89,109.56,0,0.0000,277.87,473.53,0,0,2,link_failure
1790313259.75,1,16729,22150938,1.00,73.87,110.56,0,0.0000,277.86,473.51,0,0,2,link_failure
1790313260.75,1,16730,22151012,1.00,73.79,111.56,0,0.0000,277.85,473.48,0,0,2,link_failure
1790313261.75,1,16731,22151086,1.00,73.85,112.56,0,0.0000,277.84,473.45,0,0,2,link_failure
1790313262.75,1,16732,22151160,1.00,73.89,113.56,0,0.0000,277.82,473.42,0,0,2,link_failure
1790313263.76,1,16732,22151160,0.00,0.00,114.57,0,0.0000,318.59,508.90,0,0,2,link_failure
1790313264.76,1,16733,22151234,1.00,73.88,115.57,0,0.0000,277.81,473.39,0,0,2,link_failure
1790313265.76,1,16733,22151234,0.00,0.00,116.57,0,0.0000,318.57,508.87,1,0,2,link_failure
1790313266.76,1,16733,22151234,0.00,0.00,117.57,0,0.0000,318.57,508.87,1,0,2,link_failure
1790313267.76,1,16733,22151234,0.00,0.00,118.57,0,0.0000,318.57,508.87,1,0,2,link_failure
1790313268.76,1,16742,22152027,8.99,792.04,119.57,0,0.0000,280.00,472.28,1,0,2,link_failure
1790313269.76,1,16857,22311948,114.80,159649.04,120.57,0,0.0000,497.02,612.97,1,0,2,link_failure
1790313270.77,1,16969,22478828,111.75,166506.36,121.58,0,0.0000,513.76,637.96,1,0,2,link_failure
1790313271.77,1,17081,22645708,111.97,166838.31,122.58,0,0.0000,513.92,638.18,1,0,2,link_failure
1790313272.77,1,17193,22812588,111.77,166544.71,123.58,0,0.0000,514.09,638.39,1,0,2,normal
1790313273.77,1,17305,22979468,111.74,166497.41,124.58,0,0.0000,514.26,638.60,1,0,2,normal
1790313274.77,1,17426,23146984,120.90,167383.59,125.58,0,0.0000,435.15,586.86,1,0,2,normal
1790313275.77,1,17539,23315354,112.64,167839.63,126.58,0,0.0000,450.37,612.08,1,0,2,normal
1790313276.78,1,17604,23370279,64.89,54833.41,127.59,0,0.0000,358.40,483.32,1,0,2,normal
1790313277.78,1,17672,23471599,68.00,101316.88,128.59,0,0.0000,450.62,611.85,1,0,2,normal
1790313278.78,1,17740,23572919,67.87,101126.51,129.59,0,0.0000,450.71,611.97,1,0,2,normal
1790313279.78,1,17809,23675729,68.86,102604.19,130.59,0,0.0000,450.79,612.10,1,0,2,normal
1790313280.78,1,17877,23777049,67.92,101195.31,131.59,0,0.0000,450.87,612.21,1,0,2,normal
1790313281.78,1,17945,23878369,67.89,101159.16,132.59,0,0.0000,450.95,612.33,1,0,2,normal
1790313282.79,1,18014,23981179,68.78,102482.37,133.60,0,0.0000,451.03,612.45,1,0,2,normal
1790313283.79,1,18063,24036312,48.95,55072.27,134.60,0,0.0000,401.39,530.48,1,0,2,normal
1790313284.79,1,18063,24036312,0.00,0.00,135.60,0,0.0000,280.76,475.86,1,0,2,normal
1790313285.79,1,18114,24088256,50.90,51846.66,136.60,0,0.0000,385.35,510.98,1,0,2,normal
1790313286.79,1,18207,24226826,92.94,138485.84,137.60,0,0.0000,452.82,611.40,1,0,2,normal
1790313287.79,1,18299,24363906,91.80,136782.65,138.60,0,0.0000,452.92,611.55,1,0,2,normal
1790313288.80,1,18392,24502476,92.85,138350.38,139.61,0,0.0000,453.03,611.71,1,0,2,normal
1790313289.80,1,18441,24575486,48.93,72911.56,140.61,0,0.0000,453.09,611.79,1,0,2,normal
1790313290.80,1,18534,24714056,92.95,138498.61,141.61,0,0.0000,453.19,611.94,1,0,2,normal
1790313291.80,1,18556,24727535,21.94,13442.09,142.61,0,0.0000,328.91,456.22,1,0,2,normal
1790313292.80,1,18593,24758618,36.94,31032.05,143.61,0,0.0000,360.76,482.80,1,0,2,normal
1790313293.80,1,18644,24834608,50.88,75808.07,144.62,0,0.0000,453.66,611.49,1,0,2,normal
1790313294.81,1,18691,24885320,46.92,50622.64,145.62,0,0.0000,395.57,521.93,1,0,2,normal
1790313295.81,1,18691,24885320,0.00,0.00,146.62,0,0.0000,281.67,476.45,1,0,2,normal
1790313296.81,1,18691,24885320,0.00,0.00,147.62,0,0.0000,281.67,476.45,1,0,2,normal
1790313297.81,1,18691,24885320,0.00,0.00,148.62,0,0.0000,281.67,476.45,1,0,2,normal
1790313298.81,1,18691,24885320,0.00,0.00,149.62,0,0.0000,281.67,476.45,1,0,2,flash_crowd
1790313299.82,1,18691,24885320,0.00,0.00,150.63,0,0.0000,281.67,476.45,1,0,2,flash_crowd
1790313300.82,1,18747,24920591,55.90,35206.74,151.63,0,0.0000,330.84,457.57,1,0,2,flash_crowd
1790313301.82,1,18876,25087253,128.71,166287.70,152.63,0,0.0000,425.28,565.53,1,0,2,flash_crowd
1790313302.82,1,18988,25254133,111.89,166717.71,153.63,0,0.0000,453.70,611.46,1,0,2,flash_crowd
1790313303.82,1,19100,25421013,111.77,166542.81,154.63,0,0.0000,453.82,611.64,1,0,2,flash_crowd
1790313304.82,1,19212,25587893,111.93,166778.45,155.63,0,0.0000,453.94,611.82,1,0,2,flash_crowd
1790313305.82,1,19325,25756263,112.81,168082.15,156.64,0,0.0000,454.06,611.99,1,0,2,flash_crowd
1790313306.83,1,19437,25923143,111.75,166509.01,157.64,0,0.0000,454.18,612.17,1,0,2,flash_crowd
1790313307.83,1,19548,26088533,110.94,165306.41,158.64,0,0.0000,454.30,612.33,1,0,2,flash_crowd
1790313308.83,1,19660,26255413,111.79,166574.00,159.64,0,0.0000,454.41,612.50,1,0,2,flash_crowd
1790313309.83,1,19772,26422293,111.83,166620.71,160.64,0,0.0000,454.52,612.67,1,0,2,flash_crowd
1790313310.83,1,19884,26589173,111.86,166664.04,161.64,0,0.0000,454.64,612.83,1,0,2,flash_crowd
1790313311.83,1,19996,26756053,111.76,166525.61,162.65,0,0.0000,454.75,613.00,1,0,2,flash_crowd
1790313312.84,1,20108,26922933,111.79,166562.82,163.65,0,0.0000,454.86,613.16,1,0,2,flash_crowd
1790313313.84,1,20220,27089813,111.81,166601.04,164.65,0,0.0000,454.97,613.32,1,0,2,flash_crowd
1790313314.84,1,20332,27256693,111.72,166467.67,165.65,0,0.0000,455.07,613.47,1,0,2,flash_crowd
1790313315.84,1,20444,27423573,111.82,166613.14,166.65,0,0.0000,455.18,613.63,1,0,2,flash_crowd
1790313316.84,1,20556,27590453,111.82,166612.07,167.65,0,0.0000,455.28,613.78,1,0,2,flash_crowd
1790313317.85,1,20668,27757333,111.81,166601.36,168.66,0,0.0000,455.39,613.94,1,0,2,flash_crowd
1790313318.85,1,20780,27924213,111.84,166648.44,169.66,0,0.0000,455.49,614.09,1,0,2,flash_crowd
1790313319.85,1,20893,28092583,112.82,168097.19,170.66,0,0.0000,455.59,614.24,1,0,2,flash_crowd
1790313320.85,1,20991,28220725,97.92,128038.09,171.66,0,0.0000,429.81,572.10,1,0,2,flash_crowd
1790313321.85,1,20991,28220725,0.00,0.00,172.66,0,0.0000,283.51,481.70,1,0,2,flash_crowd
1790313322.85,1,20991,28220725,0.00,0.00,173.66,0,0.0000,283.51,481.70,1,0,2,ddos
1790313323.86,1,20991,28220725,0.00,0.00,174.67,0,0.0000,283.51,481.70,1,0,2,ddos
1790313324.86,1,21001,28221401,9.97,673.75,175.67,0,0.0000,252.60,452.15,1,0,2,ddos
1790313325.86,1,21082,28227395,81.32,6017.44,176.67,0,0.0000,252.80,450.03,1,0,2,ddos
1790313326.86,1,21166,28233611,83.76,6197.89,177.67,0,0.0000,252.06,448.23,1,0,2,ddos
1790313327.87,1,21251,28239901,84.47,6251.00,178.67,0,0.0000,251.32,446.43,1,0,2,ddos
1790313328.86,1,21329,28245673,78.28,5792.67,179.67,0,0.0000,250.65,444.79,1,0,2,ddos
1790313329.86,1,21409,28251593,79.97,5917.70,180.67,0,0.0000,249.97,443.11,1,0,2,ddos
1790313330.86,1,21488,28257439,78.88,5836.90,181.68,0,0.0000,249.30,441.47,1,0,2,ddos
1790313331.87,1,21569,28263433,80.74,5975.05,182.68,0,0.0000,248.62,439.81,1,0,2,ddos
1790313332.87,1,21656,28269871,86.97,6435.74,183.68,0,0.0000,247.89,438.03,1,0,2,ddos
1790313333.87,1,21738,28275939,81.69,6044.80,184.68,0,0.0000,247.21,436.37,1,0,2,ddos
1790313334.87,1,21819,28281933,81.01,5994.47,185.68,0,0.0000,246.55,434.74,1,0,2,ddos
1790313335.87,1,21899,28287853,79.90,5912.45,186.68,0,0.0000,245.89,433.14,1,0,2,ddos
1790313336.88,1,21980,28293847,80.60,5964.69,187.69,0,0.0000,245.24,431.53,1,0,2,ddos
1790313337.88,1,22060,28299767,80.06,5924.13,188.69,0,0.0000,244.59,429.96,1,0,2,ddos
1790313338.88,1,22146,28306131,85.91,6357.37,189.69,0,0.0000,243.91,428.28,1,0,2,ddos
1790313339.88,1,22228,28312199,81.91,6061.06,190.69,0,0.0000,243.26,426.69,1,0,2,ddos
1790313340.89,1,22309,28318193,80.59,5963.52,191.69,0,0.0000,242.62,425.13,1,0,2,ddos
1790313341.88,1,22385,28323817,76.03,5625.94,192.69,0,0.0000,242.03,423.68,1,0,2,ddos
1790313342.88,1,22453,28328849,68.05,5035.51,193.69,0,0.0000,241.50,422.39,1,0,2,ddos
1790313343.89,1,22533,28334769,79.80,5905.33,194.70,0,0.0000,240.89,420.88,1,0,2,ddos
1790313344.89,1,22600,28339727,66.93,4953.06,195.70,0,0.0000,240.37,419.63,1,0,2,ddos
1790313345.89,1,22600,28339727,0.00,0.00,196.70,0,0.0000,268.10,447.27,1,0,2,ddos
1790313346.89,1,22600,28339727,0.00,0.00,197.70,0,0.0000,268.10,447.27,1,0,2,slow_congestion
1790313347.89,1,22600,28339727,0.00,0.00,198.70,0,0.0000,268.10,447.27,1,0,2,slow_congestion
1790313348.90,1,22671,28422895,70.87,83018.68,199.71,0,0.0000,396.81,521.18,1,0,2,slow_congestion
1790313349.90,1,22844,28680665,172.78,257437.88,200.71,0,0.0000,442.57,595.80,1,0,2,slow_congestion
1790313350.90,1,23017,28938435,172.57,257131.63,201.71,0,0.0000,442.81,596.13,1,0,2,slow_congestion
1790313351.90,1,23211,29185571,193.72,246785.68,202.71,0,0.0000,412.10,544.59,1,0,2,slow_congestion
1790313352.90,1,23557,29701111,345.41,514659.72,203.71,0,0.0000,443.43,596.89,1,0,2,slow_congestion
1790313353.91,1,23904,30218141,346.06,515622.04,204.72,0,0.0000,443.89,597.52,1,0,2,slow_congestion
1790313354.91,1,24223,30661526,317.94,441906.29,205.72,0,0.0000,430.07,573.30,1,0,2,slow_congestion
1790313355.91,1,24730,31405527,506.65,743483.05,206.72,0,0.0000,441.57,593.12,1,0,2,slow_congestion
1790313356.91,1,25248,32177347,517.08,770452.61,207.72,0,0.0000,445.40,599.57,1,0,2,slow_congestion
1790313357.91,1,25766,32949167,516.90,770178.94,208.72,0,0.0000,445.99,600.40,1,0,2,slow_congestion
1790313358.92,1,26346,33770017,578.37,818543.06,209.73,0,0.0000,435.82,582.82,1,0,2,slow_congestion
1790313359.92,1,27039,34802587,692.00,1031075.61,210.73,0,0.0000,447.22,602.08,1,0,2,slow_congestion
1790313360.92,1,27730,35832177,689.99,1028087.93,211.73,0,0.0000,447.90,603.05,1,0,2,slow_congestion
1790313361.92,1,28402,36790107,670.47,955752.26,212.73,0,0.0000,439.20,588.06,1,0,2,slow_congestion
1790313362.92,1,29223,38013397,819.05,1220380.10,213.73,0,0.0000,449.15,604.79,1,0,2,slow_congestion
1790313363.93,1,30046,39239667,821.71,1224343.71,214.74,0,0.0000,449.85,605.78,1,0,2,slow_congestion
1790313364.95,1,30394,39738884,338.73,485920.61,215.76,0,0.0000,442.35,592.55,1,0,2,slow_congestion
1790313365.95,1,30394,39738884,0.00,0.00,216.76,0,0.0000,276.99,467.14,1,0,2,slow_congestion
1790313366.96,1,30394,39738884,0.00,0.00,217.77,0,0.0000,276.99,467.14,1,0,2,link_failure
1790313367.96,1,30396,39739032,2.00,147.72,218.77,0,0.0000,247.98,438.27,1,0,2,link_failure
1790313368.96,1,30497,39868308,100.80,129025.17,219.77,0,0.0000,420.14,557.09,1,0,2,link_failure
1790313369.96,1,30602,40024758,104.91,156317.14,220.77,0,0.0000,450.23,606.22,1,0,2,link_failure
1790313370.96,1,30708,40182698,105.87,157743.00,221.77,0,0.0000,450.32,606.34,1,0,2,link_failure
1790313371.96,1,30742,40214054,33.96,31322.76,222.77,0,0.0000,369.41,488.13,0,0,2,link_failure
1790313372.96,1,30742,40214054,0.00,0.00,223.77,0,0.0000,277.27,467.50,0,0,3,link_failure
1790313373.97,1,30743,40214128,0.99,73.54,224.78,0,0.0000,248.22,438.62,0,0,4,link_failure
1790313374.97,1,30744,40214202,1.00,73.84,225.78,0,0.0000,248.22,438.60,0,0,4,link_failure
1790313375.97,1,30745,40214276,1.00,73.94,226.78,0,0.0000,248.21,438.59,0,0,4,link_failure
1790313376.98,1,30746,40214350,1.00,73.80,227.79,0,0.0000,248.21,438.57,0,0,4,link_failure
1790313377.98,1,30747,40214424,1.00,73.89,228.79,0,0.0000,248.20,438.56,0,0,4,link_failure
1790313378.98,1,30748,40214498,1.00,73.85,229.79,0,0.0000,248.20,438.54,0,0,4,link_failure
1790313379.98,1,30748,40214498,0.00,0.00,230.79,0,0.0000,277.23,467.41,0,0,4,link_failure
1790313380.98,1,30749,40214572,1.00,73.73,231.79,0,0.0000,248.19,438.53,0,0,4,link_failure
1790313381.99,1,30749,40214572,0.00,0.00,232.80,0,0.0000,277.22,467.40,0,0,4,link_failure
1790313382.99,1,30749,40214572,0.00,0.00,233.80,0,0.0000,277.22,467.40,0,0,4,link_failure
1790313383.99,1,30749,40214572,0.00,0.00,234.80,0,0.0000,277.22,467.40,1,0,4,link_failure
1790313384.99,1,30788,40250059,38.97,35456.43,235.80,0,0.0000,367.45,486.10,1,0,4,link_failure
1790313385.99,1,30866,40366279,77.91,116079.68,236.80,0,0.0000,450.38,606.23,1,0,4,link_failure
1790313386.99,1,30944,40482499,77.86,116007.86,237.80,0,0.0000,450.44,606.31,1,0,4,link_failure
1790313388.00,1,31022,40598719,77.90,116075.21,238.81,0,0.0000,450.50,606.40,1,0,4,link_failure
1790313389.00,1,31090,40682142,67.87,83261.43,239.81,0,0.0000,413.09,545.82,1,0,4,normal
1790313390.00,1,31090,40682142,0.00,0.00,240.81,0,0.0000,277.47,467.79,1,0,4,normal
1790313391.00,1,31129,40716205,38.91,33985.60,241.81,0,0.0000,325.37,460.21,1,0,4,normal
1790313392.00,1,31193,40811565,63.93,95257.32,242.81,0,0.0000,402.49,581.32,1,0,4,normal
1790313393.01,1,31257,40906925,63.84,95122.82,243.82,0,0.0000,402.53,581.39,1,0,4,normal
1790313394.01,1,31321,41002285,63.91,95232.67,244.82,0,0.0000,402.58,581.46,1,0,4,normal
1790313395.01,1,31385,41097645,63.99,95341.54,245.82,0,0.0000,402.62,581.53,1,0,4,normal
1790313396.01,1,31442,41163253,56.85,65434.35,246.82,0,0.0000,363.22,506.83,1,0,4,normal
1790313397.01,1,31442,41163253,0.00,0.00,247.82,0,0.0000,250.68,438.46,1,0,4,normal
1790313398.01,1,31471,41183841,28.92,20530.62,248.82,0,0.0000,306.97,437.84,1,0,4,normal
1790313399.01,1,31588,41358171,116.95,174256.88,249.83,0,0.0000,404.55,580.50,1,0,4,normal
1790313400.02,1,31706,41533991,117.85,175596.40,250.83,0,0.0000,404.63,580.63,1,0,4,normal
1790313401.02,1,31824,41691929,117.86,157754.19,251.83,0,0.0000,386.80,545.84,1,0,4,normal
1790313402.02,1,31824,41691929,0.00,0.00,252.83,0,0.0000,250.84,438.91,1,0,4,normal
1790313403.02,1,31824,41691929,0.00,0.00,253.83,0,0.0000,250.84,438.91,1,0,4,normal
1790313404.02,1,31843,41697616,18.98,5679.64,254.83,0,0.0000,256.21,411.05,1,0,4,normal
1790313405.02,1,31916,41806386,72.88,108584.61,255.84,0,0.0000,405.09,580.47,1,0,4,normal
1790313406.03,1,31989,41915156,72.83,108523.47,256.84,0,0.0000,405.14,580.55,1,0,4,normal
1790313407.03,1,32062,42023926,72.87,108583.11,257.84,0,0.0000,405.18,580.62,1,0,4,normal
1790313408.03,1,32135,42132696,72.96,108717.51,258.84,0,0.0000,405.23,580.70,1,0,4,normal
1790313409.03,1,32208,42241466,72.80,108471.38,259.84,0,0.0000,405.28,580.77,1,0,4,normal
1790313410.03,1,32282,42346336,73.94,104778.07,260.84,0,0.0000,396.15,564.11,1,0,4,normal
1790313411.03,1,32291,42347257,8.98,918.66,261.85,0,0.0000,232.49,414.05,1,0,4,normal
1790313412.05,1,32291,42347257,0.00,0.00,262.86,0,0.0000,251.09,439.50,1,0,4,normal
1790313413.05,1,32291,42347257,0.00,0.00,263.86,0,0.0000,251.09,439.50,1,0,4,normal
1790313414.05,1,32291,42347257,0.00,0.00,264.86,0,0.0000,251.09,439.50,1,0,4,normal
1790313415.05,1,32291,42347257,0.00,0.00,265.87,0,0.0000,251.09,439.50,1,0,4,flash_crowd
1790313416.06,1,32293,42347405,2.00,147.77,266.87,0,0.0000,228.94,415.25,1,0,4,flash_crowd
1790313417.06,1,32440,42521098,146.56,173172.61,267.87,0,0.0000,367.16,513.65,1,0,4,flash_crowd
1790313418.06,1,32572,42717778,131.84,196447.22,268.87,0,0.0000,405.80,580.68,1,0,4,flash_crowd
1790313419.06,1,32705,42915948,132.74,197789.63,269.87,0,0.0000,405.88,580.81,1,0,4,flash_crowd
1790313420.06,1,32837,43112628,131.79,196370.48,270.87,0,0.0000,405.97,580.95,1,0,4,flash_crowd
1790313421.06,1,32969,43309308,131.84,196446.33,271.88,0,0.0000,406.05,581.08,1,0,4,flash_crowd
1790313422.07,1,33102,43507478,132.86,197966.81,272.88,0,0.0000,406.13,581.20,1,0,4,flash_crowd
1790313423.07,1,33234,43704158,131.90,196537.88,273.88,0,0.0000,406.21,581.33,1,0,4,flash_crowd
1790313424.07,1,33367,43902328,132.74,197776.83,274.88,0,0.0000,406.29,581.46,1,0,4,flash_crowd
1790313425.07,1,33499,44099008,131.67,196182.24,275.88,0,0.0000,406.37,581.59,1,0,4,flash_crowd
1790313426.07,1,33632,44297178,132.82,197895.78,276.88,0,0.0000,406.45,581.71,1,0,4,flash_crowd
1790313427.07,1,33764,44493858,131.85,196458.78,277.88,0,0.0000,406.53,581.84,1,0,4,flash_crowd
1790313428.07,1,33896,44690538,131.84,196443.62,278.88,0,0.0000,406.61,581.96,1,0,4,flash_crowd
1790313429.08,1,34029,44888708,132.83,197924.00,279.89,0,0.0000,406.68,582.08,1,0,4,flash_crowd
1790313430.08,1,34161,45085388,131.77,196341.37,280.89,0,0.0000,406.76,582.20,1,0,4,flash_crowd
1790313431.08,1,34294,45283558,132.80,197867.51,281.89,0,0.0000,406.83,582.33,1,0,4,flash_crowd
1790313432.08,1,34426,45480238,131.74,196293.29,282.89,0,0.0000,406.91,582.45,1,0,4,flash_crowd
1790313433.08,1,34559,45678408,132.82,197902.80,283.89,0,0.0000,406.98,582.57,1,0,4,flash_crowd
1790313434.08,1,34691,45875088,131.86,196465.56,284.89,0,0.0000,407.06,582.68,1,0,4,flash_crowd
1790313435.08,1,34824,46073258,132.76,197810.35,285.89,0,0.0000,407.13,582.80,1,0,4,flash_crowd
1790313436.09,1,34958,46271495,133.72,197827.51,286.90,0,0.0000,405.87,580.46,1,0,4,flash_crowd
1790313437.10,1,34982,46290799,23.67,19038.16,287.91,0,0.0000,321.63,453.30,1,0,4,flash_crowd
1790313438.10,1,34982,46290799,0.00,0.00,288.91,0,0.0000,252.67,443.61,1,0,4,ddos
1790313439.11,1,34982,46290799,0.00,0.00,289.92,0,0.0000,252.67,443.61,1,0,4,ddos
1790313440.24,1,34982,46290799,0.00,0.00,291.06,0,0.0000,252.67,443.61,1,0,4,ddos
1790313441.25,1,35063,46295149,80.80,4339.17,292.06,0,0.0000,227.44,419.18,1,0,4,ddos
1790313442.25,1,35103,46297309,40.01,2160.51,293.06,0,0.0000,227.29,418.68,1,0,4,ddos
1790313443.25,1,35189,46301953,85.89,4638.00,294.06,0,0.0000,226.89,417.63,1,0,4,ddos
1790313444.25,1,35271,46306381,81.90,4422.66,295.06,0,0.0000,226.52,416.64,1,0,4,ddos
1790313445.25,1,35352,46310755,80.78,4362.12,296.06,0,0.0000,226.15,415.66,1,0,4,ddos
1790313446.25,1,35431,46315021,79.03,4267.71,297.06,0,0.0000,225.79,414.72,1,0,4,ddos
1790313447.25,1,35510,46319287,78.75,4252.38,298.06,0,0.0000,225.43,413.77,1,0,4,ddos
1790313448.26,1,35594,46323823,83.77,4523.58,299.07,0,0.0000,225.05,412.77,1,0,4,ddos
1790313449.26,1,35670,46327927,76.00,4104.23,300.07,0,0.0000,224.71,411.88,1,0,4,ddos
1790313450.26,1,35752,46332355,81.77,4415.40,301.07,0,0.0000,224.35,410.91,1,0,4,ddos
1790313451.26,1,35836,46336891,83.77,4523.53,302.07,0,0.0000,223.98,409.93,1,0,4,ddos
1790313452.26,1,35921,46341481,84.95,4587.22,303.07,0,0.0000,223.60,408.93,1,0,4,ddos
1790313453.27,1,36006,46346071,84.81,4579.91,304.07,0,0.0000,223.23,407.95,1,0,4,ddos
1790313454.27,1,36086,46350391,79.93,4316.22,305.08,0,0.0000,222.88,407.02,1,0,4,ddos
1790313455.27,1,36166,46354711,79.80,4309.46,306.08,0,0.0000,222.53,406.10,1,0,4,ddos
1790313456.27,1,36247,46359085,80.70,4357.81,307.08,0,0.0000,222.18,405.18,1,0,4,ddos
1790313457.27,1,36331,46363621,84.04,4538.22,308.08,0,0.0000,221.82,404.22,1,0,4,ddos
1790313458.27,1,36411,46367941,79.76,4307.19,309.08,0,0.0000,221.47,403.31,1,0,4,ddos
1790313459.27,1,36490,46372207,79.01,4266.45,310.08,0,0.0000,221.14,402.42,1,0,4,ddos
1790313460.28,1,36569,46376473,78.75,4252.52,311.09,0,0.0000,220.80,401.53,1,0,4,ddos
1790313461.28,1,36601,46378201,32.01,1728.50,312.09,0,0.0000,220.66,401.17,1,0,4,ddos
1790313462.28,1,36601,46378201,0.00,0.00,313.09,0,0.0000,244.47,423.55,1,0,4,ddos
1790313463.28,1,36601,46378201,0.00,0.00,314.09,0,0.0000,244.47,423.55,1,0,4,slow_congestion
1790313464.28,1,36603,46378349,2.00,147.72,315.09,0,0.0000,223.15,400.18,1,0,4,slow_congestion
1790313465.28,1,36716,46526929,112.80,148321.96,316.09,0,0.0000,378.15,531.46,1,0,4,slow_congestion
1790313466.28,1,36889,46784699,172.68,257293.48,317.10,0,0.0000,400.17,571.87,1,0,4,slow_congestion
1790313467.29,1,37062,47042469,172.94,257688.04,318.10,0,0.0000,400.29,572.06,1,0,4,slow_congestion
1790313468.29,1,37235,47300239,172.78,257446.83,319.10,0,0.0000,400.41,572.25,1,0,4,slow_congestion
1790313469.29,1,37408,47558009,172.78,257435.92,320.10,0,0.0000,400.53,572.43,1,0,4,slow_congestion
1790313470.29,1,37646,47870702,237.90,312564.00,321.10,0,0.0000,378.60,532.19,1,0,4,slow_congestion
1790313471.29,1,37990,48383262,343.29,511498.30,322.10,0,0.0000,400.86,572.91,1,0,4,slow_congestion
1790313472.29,1,38338,48901782,347.07,517137.25,323.10,0,0.0000,401.09,573.27,1,0,4,slow_congestion
1790313473.29,1,38684,49417322,345.61,514962.46,324.11,0,0.0000,401.32,573.62,1,0,4,slow_congestion
1790313474.29,1,39029,49931372,344.68,513571.36,325.11,0,0.0000,401.54,573.97,1,0,4,slow_congestion
1790313475.30,1,39368,50393136,338.02,460430.12,326.11,0,0.0000,385.70,544.66,1,0,4,slow_congestion
1790313476.30,1,39888,51167936,519.19,773597.27,327.11,0,0.0000,402.00,574.66,1,0,4,slow_congestion
1790313477.30,1,40406,51939756,517.83,771565.41,328.11,0,0.0000,402.32,575.15,1,0,4,slow_congestion
1790313478.30,1,40925,52713066,517.64,771284.28,329.11,0,0.0000,402.62,575.63,1,0,4,slow_congestion
1790313479.30,1,41444,53486376,518.37,772369.01,330.11,0,0.0000,402.92,576.09,1,0,4,slow_congestion
1790313480.30,1,41905,54131343,460.34,644038.63,331.12,0,0.0000,391.75,555.34,1,0,4,slow_congestion
1790313481.31,1,42597,55162423,689.81,1027818.86,332.12,0,0.0000,403.49,576.97,1,0,4,slow_congestion
1790313482.31,1,43289,56193503,690.87,1029399.55,333.12,0,0.0000,403.86,577.55,1,0,4,slow_congestion
1790313483.31,1,43981,57224583,689.99,1028084.21,334.12,0,0.0000,404.21,578.10,1,0,4,slow_congestion
1790313484.31,1,44673,58255663,690.62,1029023.08,335.12,0,0.0000,404.56,578.65,1,0,4,slow_congestion
1790313485.32,1,45345,59254097,671.63,997884.89,336.13,0,0.0000,404.33,578.17,1,0,4,slow_congestion
1790313486.32,1,45356,59255449,10.99,1350.77,337.13,0,0.0000,234.09,410.96,1,0,4,slow_congestion
1790313487.32,1,45356,59255449,0.00,0.00,338.13,0,0.0000,249.98,437.03,1,0,4,link_failure
1790313488.32,1,45356,59255449,0.00,0.00,339.13,0,0.0000,249.98,437.03,1,0,4,link_failure
1790313489.32,1,45394,59289446,37.94,33945.82,340.13,0,0.0000,330.45,461.07,1,0,4,link_failure
1790313490.32,1,45473,59407156,78.91,117572.17,341.13,0,0.0000,404.91,579.13,1,0,4,link_failure
1790313491.32,1,45553,59526356,79.87,119004.57,342.13,0,0.0000,404.95,579.19,1,0,4,link_failure
1790313492.33,1,45633,59645556,79.87,119002.41,343.14,0,0.0000,404.98,579.25,1,0,4,link_failure
1790313493.33,1,45718,59772206,84.83,126390.40,344.14,0,0.0000,405.02,579.32,0,0,4,link_failure
1790313494.33,1,45798,59891406,79.89,119036.22,345.14,0,0.0000,405.06,579.38,0,0,6,link_failure
1790313495.33,1,45878,60010606,79.85,118969.40,346.14,0,0.0000,405.10,579.44,0,0,6,link_failure
1790313496.33,1,45931,60086730,52.86,75925.71,347.14,0,0.0000,398.40,567.03,0,0,6,link_failure
1790313497.34,1,45933,60086864,1.99,133.64,348.15,0,0.0000,227.23,413.87,0,0,6,link_failure
1790313498.34,1,45934,60086931,1.00,66.92,349.15,0,0.0000,227.23,413.86,0,0,6,link_failure
1790313499.34,1,45934,60086931,0.00,0.00,350.15,0,0.0000,250.12,437.68,0,0,6,link_failure
1790313500.34,1,45935,60086998,1.00,66.90,351.15,0,0.0000,227.23,413.85,0,0,6,link_failure
1790313501.34,1,45935,60086998,0.00,0.00,352.15,0,0.0000,250.12,437.67,0,0,6,link_failure
1790313502.35,1,45935,60086998,0.00,0.00,353.16,0,0.0000,250.12,437.67,1,0,6,link_failure
1790313520.44,1,45935,60086998,0.00,0.00,371.25,0,0.0000,250.12,437.67,1,0,6,link_failure
1790313844.84,1,45935,60086998,0.00,0.00,695.65,0,0.0000,250.12,437.67,1,0,6,link_failure
1790313845.83,1,45951,60089006,16.08,2017.62,696.64,0,0.0000,234.65,411.35,1,0,6,link_failure
1790313846.84,1,45951,60089006,0.00,0.00,697.65,0,0.0000,250.24,437.53,1,0,6,link_failure
1790313847.84,1,45951,60089006,0.00,0.00,698.65,0,0.0000,250.24,437.53,1,0,6,normal
1790313848.84,1,45953,60089154,1.99,147.62,699.65,0,0.0000,211.07,392.75,1,0,6,normal
1790313849.84,1,46006,60148333,52.89,59051.77,700.65,0,0.0000,325.91,479.96,1,0,6,normal
1790313850.85,1,46056,60222833,49.87,74309.03,701.66,0,0.0000,367.42,556.58,1,0,6,normal
1790313851.85,1,46106,60297333,49.94,74407.47,702.66,0,0.0000,367.44,556.62,1,0,6,normal
1790313852.85,1,46129,60313726,22.94,16352.95,703.66,0,0.0000,283.72,417.69,1,0,6,normal
1790313853.85,1,46129,60313726,0.00,0.00,704.66,0,0.0000,230.09,412.79,1,0,6,normal
1790313854.85,1,46242,60459474,112.68,145339.42,705.66,0,0.0000,346.89,512.75,1,0,6,normal
1790313855.85,1,46366,60644234,123.82,184490.41,706.66,0,0.0000,369.18,555.80,1,0,6,normal
1790313856.86,1,46489,60827504,122.62,182710.45,707.67,0,0.0000,369.23,555.89,1,0,6,normal
1790313857.86,1,46613,61012264,123.81,184477.32,708.67,0,0.0000,369.28,555.97,1,0,6,normal
1790313858.86,1,46736,61195534,122.85,183044.42,709.67,0,0.0000,369.33,556.06,1,0,6,normal
1790313859.86,1,46775,61235768,38.88,40111.41,710.67,0,0.0000,319.36,464.04,1,0,6,normal
1790313860.87,1,46775,61235768,0.00,0.00,711.68,0,0.0000,230.33,413.40,1,0,6,normal
1790313861.87,1,46796,61243011,20.92,7214.69,712.68,0,0.0000,242.44,391.58,1,0,6,normal
1790313862.87,1,46856,61332411,59.96,89336.70,713.68,0,0.0000,369.70,555.84,1,0,6,normal
1790313863.87,1,46917,61423301,60.88,90710.41,714.68,0,0.0000,369.72,555.89,1,0,6,normal
1790313864.88,1,46977,61512701,59.79,89093.36,715.69,0,0.0000,369.75,555.93,1,0,6,normal
1790313865.88,1,47038,61603591,60.93,90789.74,716.69,0,0.0000,369.77,555.97,1,0,6,normal
1790313866.88,1,47098,61692991,59.90,89248.52,717.69,0,0.0000,369.80,556.01,1,0,6,normal
1790313867.88,1,47167,61779347,68.85,86165.38,718.69,0,0.0000,343.95,505.05,1,0,6,normal
1790313868.88,1,47169,61779479,2.00,131.73,719.69,0,0.0000,212.16,393.43,1,0,6,normal
1790313869.88,1,47169,61779479,0.00,0.00,720.69,0,0.0000,230.43,413.68,1,0,6,normal
1790313870.89,1,47169,61779479,0.00,0.00,721.70,0,0.0000,230.43,413.68,1,0,6,normal
1790313871.89,1,47169,61779479,0.00,0.00,722.70,0,0.0000,230.43,413.68,1,0,6,flash_crowd
1790313872.89,1,47169,61779479,0.00,0.00,723.70,0,0.0000,230.43,413.68,1,0,6,flash_crowd
1790313873.89,1,47233,61826690,63.99,47204.56,724.70,0,0.0000,286.60,421.32,1,0,6,flash_crowd
1790313874.89,1,47363,61994822,129.86,167951.97,725.70,0,0.0000,348.27,513.61,1,0,6,flash_crowd
1790313875.89,1,47475,62161702,111.85,166660.19,726.70,0,0.0000,370.17,555.89,1,0,6,flash_crowd
1790313876.90,1,47587,62328582,111.74,166492.78,727.71,0,0.0000,370.21,555.96,1,0,6,flash_crowd
1790313877.90,1,47699,62495462,111.99,166858.96,728.71,0,0.0000,370.26,556.04,1,0,6,flash_crowd
1790313878.90,1,47811,62662342,111.79,166565.91,729.71,0,0.0000,370.30,556.11,1,0,6,flash_crowd
1790313879.90,1,47923,62829222,111.63,166334.55,730.71,0,0.0000,370.34,556.19,1,0,6,flash_crowd
1790313880.90,1,48035,62996102,111.87,166682.53,731.71,0,0.0000,370.39,556.26,1,0,6,flash_crowd
1790313881.90,1,48147,63162982,111.87,166685.98,732.71,0,0.0000,370.43,556.33,1,0,6,flash_crowd
1790313882.90,1,48259,63329862,111.81,166603.18,733.72,0,0.0000,370.47,556.41,1,0,6,flash_crowd
1790313883.91,1,48371,63496742,111.90,166732.92,734.72,0,0.0000,370.51,556.48,1,0,6,flash_crowd
1790313884.91,1,48483,63663622,111.89,166716.08,735.72,0,0.0000,370.56,556.55,1,0,6,flash_crowd
1790313885.91,1,48595,63830502,111.70,166431.53,736.72,0,0.0000,370.60,556.62,1,0,6,flash_crowd
1790313886.91,1,48706,63995892,110.87,165202.59,737.72,0,0.0000,370.64,556.70,1,0,6,flash_crowd
1790313887.91,1,48819,64164262,112.78,168048.07,738.72,0,0.0000,370.68,556.77,1,0,6,flash_crowd
1790313888.91,1,48930,64329652,110.92,165266.51,739.72,0,0.0000,370.72,556.84,1,0,6,flash_crowd
1790313889.91,1,49042,64496532,111.81,166593.55,740.73,0,0.0000,370.76,556.91,1,0,6,flash_crowd
1790313890.92,1,49154,64663412,111.64,166336.93,741.73,0,0.0000,370.80,556.98,1,0,6,flash_crowd
1790313891.92,1,49266,64830292,111.83,166633.52,742.73,0,0.0000,370.85,557.05,1,0,6,flash_crowd
1790313892.92,1,49378,64997172,111.83,166624.64,743.73,0,0.0000,370.89,557.12,1,0,6,flash_crowd
1790313893.92,1,49469,65114885,90.81,117470.32,744.73,0,0.0000,349.18,515.07,1,0,6,flash_crowd
1790313894.93,1,49469,65114885,0.00,0.00,745.74,0,0.0000,231.13,415.99,1,0,6,flash_crowd
1790313895.93,1,49469,65114885,0.00,0.00,746.74,0,0.0000,231.13,415.99,1,0,6,ddos
1790313896.93,1,49469,65114885,0.00,0.00,747.74,0,0.0000,231.13,415.99,1,0,6,ddos
1790313897.93,1,49472,65115043,2.99,157.65,748.74,0,0.0000,211.30,396.18,1,0,6,ddos
1790313898.93,1,49542,65120223,70.01,5181.05,749.74,0,0.0000,213.47,394.72,1,0,6,ddos
1790313899.93,1,49628,65126587,85.95,6360.24,750.74,0,0.0000,213.23,394.03,1,0,6,ddos
1790313900.93,1,49709,65132581,80.82,5980.84,751.75,0,0.0000,213.00,393.38,1,0,6,ddos
1790313901.94,1,49787,65138353,77.59,5741.33,752.75,0,0.0000,212.78,392.76,1,0,6,ddos
1790313902.94,1,49865,65144125,77.97,5769.81,753.75,0,0.0000,212.56,392.14,1,0,6,ddos
1790313903.94,1,49944,65149971,78.63,5818.84,754.75,0,0.0000,212.34,391.51,1,0,6,ddos
1790313904.94,1,50016,65155299,72.05,5331.46,755.75,0,0.0000,212.14,390.95,1,0,6,ddos
1790313905.95,1,50099,65161441,82.71,6120.26,756.76,0,0.0000,211.90,390.29,1,0,6,ddos
1790313906.95,1,50183,65167657,83.82,6202.40,757.76,0,0.0000,211.67,389.63,1,0,6,ddos
1790313907.95,1,50261,65173429,77.90,5764.48,758.76,0,0.0000,211.45,389.02,1,0,6,ddos
1790313908.95,1,50334,65178831,72.99,5401.03,759.76,0,0.0000,211.25,388.45,1,0,6,ddos
1790313909.95,1,50419,65185121,84.86,6279.79,760.76,0,0.0000,211.02,387.79,1,0,6,ddos
1790313910.95,1,50498,65190967,78.87,5836.09,761.76,0,0.0000,210.80,387.18,1,0,6,ddos
1790313911.96,1,50574,65196591,75.75,5605.75,762.77,0,0.0000,210.59,386.59,1,0,6,ddos
1790313912.96,1,50656,65202659,81.91,6061.16,763.77,0,0.0000,210.37,385.96,1,0,6,ddos
1790313913.96,1,50735,65208505,78.86,5835.57,764.77,0,0.0000,210.16,385.35,1,0,6,ddos
1790313914.96,1,50814,65214351,78.90,5838.62,765.77,0,0.0000,209.94,384.75,1,0,6,ddos
1790313915.96,1,50889,65219901,74.78,5533.55,766.77,0,0.0000,209.74,384.18,1,0,6,ddos
1790313916.97,1,50964,65225451,74.81,5536.19,767.78,0,0.0000,209.54,383.61,1,0,6,ddos
1790313917.97,1,51044,65231371,80.04,5922.62,768.78,0,0.0000,209.32,383.00,1,0,6,ddos
1790313918.97,1,51048,65231667,3.99,295.44,769.78,0,0.0000,209.31,382.97,1,0,6,ddos
1790313919.97,1,51048,65231667,0.00,0.00,770.78,0,0.0000,226.23,403.02,1,0,6,slow_congestion
1790313920.97,1,51048,65231667,0.00,0.00,771.78,0,0.0000,226.23,403.02,1,0,6,slow_congestion
1790313921.97,1,51060,65232639,11.99,970.80,772.78,0,0.0000,210.01,382.67,1,0,6,slow_congestion
1790313922.97,1,51235,65486251,174.81,253339.53,773.78,0,0.0000,362.06,540.60,1,0,6,slow_congestion
1790313924.00,1,51408,65744021,168.35,250840.28,774.81,0,0.0000,366.67,549.92,1,0,6,slow_congestion
1790313925.00,1,51581,66001791,172.48,256997.96,775.81,0,0.0000,366.74,550.04,1,0,6,slow_congestion
1790313926.01,1,51754,66259561,172.67,257272.12,776.82,0,0.0000,366.82,550.17,1,0,6,slow_congestion
1790313927.01,1,52067,66682583,312.65,422554.95,777.82,0,0.0000,351.51,519.76,1,0,6,slow_congestion
1790313928.01,1,52412,67196633,344.53,513355.29,778.82,0,0.0000,367.04,550.53,1,0,6,slow_congestion
1790313929.01,1,52758,67712173,345.89,515378.17,779.82,0,0.0000,367.19,550.77,1,0,6,slow_congestion
1790313930.01,1,53104,68227713,345.41,514661.19,780.82,0,0.0000,367.33,551.01,1,0,6,slow_congestion
1790313931.01,1,53517,68799736,412.81,571755.00,781.82,0,0.0000,355.78,527.94,1,0,6,slow_congestion
1790313932.01,1,54036,69573046,517.42,770960.71,782.82,0,0.0000,367.65,551.55,1,0,6,slow_congestion
1790313933.02,1,54555,70346356,518.21,772136.78,783.83,0,0.0000,367.85,551.89,1,0,6,slow_congestion
1790313934.02,1,55073,71118176,516.68,769854.76,784.83,0,0.0000,368.05,552.22,1,0,6,slow_congestion
1790313935.02,1,55605,71868933,532.15,750974.36,785.83,0,0.0000,359.45,534.97,1,0,6,slow_congestion
1790313936.02,1,56297,72900013,688.59,1026002.71,786.83,0,0.0000,368.46,552.90,1,0,6,slow_congestion
1790313937.02,1,56990,73932583,693.40,1033161.43,787.83,0,0.0000,368.71,553.33,1,0,6,slow_congestion
1790313938.03,1,57681,74962173,689.08,1026729.86,788.84,0,0.0000,368.95,553.74,1,0,6,slow_congestion
1790313939.03,1,58303,75847032,620.80,883153.25,789.84,0,0.0000,361.63,539.07,1,0,6,slow_congestion
1790313940.03,1,59125,77071812,821.15,1223512.82,790.84,0,0.0000,369.39,554.48,1,0,6,slow_congestion
1790313941.03,1,59946,78295102,821.21,1223598.65,791.84,0,0.0000,369.66,554.94,1,0,6,slow_congestion
1790313942.03,1,60768,79519882,820.22,1222134.56,792.84,0,0.0000,369.92,555.38,1,0,6,slow_congestion
1790313943.03,1,61393,80431828,624.06,910567.87,793.84,0,0.0000,366.74,548.76,1,0,6,slow_congestion
1790313944.03,1,61393,80431828,0.00,0.00,794.84,0,0.0000,230.19,413.49,1,0,6,slow_congestion
1790313945.03,1,61393,80431828,0.00,0.00,795.84,0,0.0000,230.19,413.49,1,0,6,link_failure
1790313946.03,1,61395,80431976,2.00,147.89,796.85,0,0.0000,212.83,392.91,1,0,6,link_failure
1790313947.04,1,61446,80486751,50.91,54681.29,797.85,0,0.0000,323.88,471.50,1,0,6,link_failure
1790313948.04,1,61507,80577641,60.97,90848.24,798.85,0,0.0000,370.12,555.68,1,0,6,link_failure
1790313949.04,1,61569,80670021,61.86,92169.22,799.85,0,0.0000,370.13,555.71,1,0,6,link_failure
1790313950.04,1,61649,80789221,79.86,118990.24,800.85,0,0.0000,370.16,555.76,0,0,6,link_failure
1790313951.04,1,61710,80880111,60.79,90579.26,801.85,0,0.0000,370.18,555.79,0,0,7,link_failure
1790313952.04,1,61772,80972491,62.03,92422.18,802.85,0,0.0000,370.20,555.82,0,0,8,link_failure
1790313953.04,1,61782,80983122,9.99,10616.55,803.86,0,0.0000,322.76,469.78,0,0,8,link_failure
1790314151.60,1,61782,80983122,0.00,0.00,1002.27,0,0.0000,230.22,413.77,0,0,8,link_failure
1790314416.72,1,61783,80983189,0.00,0.25,1267.53,0,0.0000,212.08,393.45,0,0,8,link_failure
1790314654.12,1,61783,80983189,0.00,0.00,1504.93,0,0.0000,230.21,413.76,0,0,8,link_failure
1790314870.38,1,61783,80983189,0.00,0.00,1720.98,0,0.0000,230.21,413.76,0,0,8,link_failure
1790314871.20,1,61786,80983388,3.66,242.99,1721.99,0,0.0000,211.99,393.47,1,0,8,link_failure
1790314872.18,1,61786,80983388,0.00,0.00,1722.99,0,0.0000,230.20,413.75,1,0,8,link_failure
1790314873.18,1,61786,80983388,0.00,0.00,1723.99,0,0.0000,230.20,413.75,1,0,8,link_failure
1790314874.18,1,61786,80983388,0.00,0.00,1724.99,0,0.0000,230.20,413.75,1,0,8,link_failure
1790314875.22,1,61786,80983388,0.00,0.00,1726.03,0,0.0000,230.20,413.75,0,0,8,link_failure
